id,city,country
1,East Leonard,Chile
2,East Jimmychester,Djibouti
3,Isabelborough,Antigua and Barbuda
4,Bensonview,Dominican Republic
5,West Priscilla,Slovakia (Slovak Republic)
6,Chavezborough,Bosnia and Herzegovina
7,Lake Ana,Pitcairn Islands
8,Kimport,Bulgaria
9,Robersonstad,Cyprus
10,Elaineberg,Timor-Leste
11,Shannonville,Guernsey
12,East Andrea,Vietnam
13,South Joannamouth,Togo
14,Jodyberg,Sri Lanka
15,Burchbury,Singapore
16,Desireeshire,Oman
17,West Adriennestad,Western Sahara
18,Lake Leslie,Mozambique
19,Harmonview,South Georgia and the South Sandwich Islands
20,Jamesshire,French Polynesia
21,East Carly,Malta
22,South Alvin,Netherlands
23,Brittanyview,Paraguay
24,Veronicamouth,Lao People's Democratic Republic
25,Bryanville,Albania
26,Kaitlyntown,Panama
27,Michealshire,Belarus
28,South Marissatown,Switzerland
29,Acevedoville,Saint Vincent and the Grenadines
30,North Harold,Tanzania
31,West Samuel,Zimbabwe
32,Cunninghamborough,Denmark
33,Port Annatown,Liechtenstein
34,New Kaitlyn,United States of America
35,West Marthaburgh,Bahamas
36,East Teresa,Belize
37,South Hunter,Uruguay
38,South Walter,Solomon Islands
39,Poolefurt,Montenegro
40,West John,Poland
41,West Darius,Dominican Republic
42,North Jimstad,Burkina Faso
43,East Rebekahborough,Bolivia
44,North Drew,Bulgaria
45,Lake Lindaburgh,Monaco
46,Gwendolynview,Palau
47,Zimmermanland,Uzbekistan
48,North Kerriton,Ghana
49,North Eileenville,United Arab Emirates
50,Port Sergiofort,Belarus
51,New Alberttown,Canada
52,South Jasmine,Algeria
53,Cowanfort,Swaziland
54,New Deborah,Madagascar
55,Wallstown,Ecuador
56,Lake Ellenchester,Palestinian Territory
57,Lake Whitney,Saint Barthelemy
58,East Jaredbury,United Arab Emirates
59,Selenabury,South Georgia and the South Sandwich Islands
60,Huangfort,Sao Tome and Principe
61,East Pennyshire,Portugal
62,Port Jasminborough,Togo
63,West Kristine,Ethiopia
64,South Julia,Netherlands
65,Helenborough,Liberia
66,Lake Nancy,Lithuania
67,Georgeport,New Caledonia
68,South Sophiaberg,Kiribati
69,Hartbury,French Southern Territories
70,Erikaville,Canada
71,Nicolasfort,Iran
72,New Jasmineshire,Morocco
73,East Summerstad,Zimbabwe
74,Skinnerport,Russian Federation
75,Raystad,Solomon Islands
76,Colinhaven,United States Virgin Islands
77,West Reginald,Kyrgyz Republic
78,Lake Sherryborough,Myanmar
79,Port Katherineville,Dominica
80,Thomasland,Iceland
81,Coreybury,Micronesia
82,Lake Janiceton,Saint Vincent and the Grenadines
83,East Clinton,Isle of Man
84,South Joshuashire,Oman
85,New Glenda,Fiji
86,North Jillianview,New Zealand
87,Lyonsberg,Maldives
88,East Cristinabury,Benin
89,Thomasfurt,Yemen
90,North Joeburgh,Namibia
91,Cassidychester,Bhutan
92,South Dannymouth,Hungary
93,South Lonnie,Anguilla
94,Frankchester,Solomon Islands
95,Daisyborough,Mali
96,East Richard,Guyana
97,New Bradview,Sri Lanka
98,Ortegaland,Solomon Islands
99,Lake Elijahview,Aruba
100,Judymouth,Honduras
